<?xml version="1.0" encoding="UTF-8"?>
<project-private xmlns="http://www.netbeans.org/ns/project-private/1">
    <editor-bookmarks xmlns="http://www.netbeans.org/ns/editor-bookmarks/2" lastBookmarkId="0"/>
    <open-files xmlns="http://www.netbeans.org/ns/projectui-open-files/2">
        <group>
            <file>file:/Users/mohamedbouslah/Desktop/PiDev/Projet/Desktop/src/edu/mindspace/services/AdminServices.java</file>
            <file>file:/Users/mohamedbouslah/Desktop/PiDev/Projet/Desktop/src/edu/mindspace/entities/Membre.java</file>
            <file>file:/Users/mohamedbouslah/Desktop/PiDev/Projet/Desktop/src/edu/mindspace/gui/AjouterCoachAdminController.java</file>
            <file>file:/Users/mohamedbouslah/Desktop/PiDev/Projet/Desktop/src/edu/mindspace/entities/Coach.java</file>
            <file>file:/Users/mohamedbouslah/Desktop/PiDev/Projet/Desktop/src/edu/mindspace/entities/User.java</file>
            <file>file:/Users/mohamedbouslah/Desktop/PiDev/Projet/Desktop/src/edu/mindspace/gui/StartPoint.java</file>
            <file>file:/Users/mohamedbouslah/Desktop/PiDev/Projet/Desktop/src/edu/mindspace/gui/AfficherCoachAdminController.java</file>
            <file>file:/Users/mohamedbouslah/Desktop/PiDev/Projet/Desktop/src/edu/mindspace/gui/AfficherMemebreAdminController.java</file>
            <file>file:/Users/mohamedbouslah/Desktop/PiDev/Projet/Desktop/src/edu/mindspace/gui/InscriptionMembreController.java</file>
            <file>file:/Users/mohamedbouslah/Desktop/PiDev/Projet/Desktop/src/edu/mindspace/gui/Login.fxml</file>
            <file>file:/Users/mohamedbouslah/Desktop/PiDev/Projet/Desktop/src/edu/mindspace/services/MembreServices.java</file>
            <file>file:/Users/mohamedbouslah/Desktop/PiDev/Projet/Desktop/src/edu/mindspace/test/MainClass.java</file>
            <file>file:/Users/mohamedbouslah/Desktop/PiDev/Projet/Desktop/src/edu/mindspace/services/CoachServices.java</file>
            <file>file:/Users/mohamedbouslah/Desktop/PiDev/Projet/Desktop/src/edu/mindspace/gui/LoginController.java</file>
            <file>file:/Users/mohamedbouslah/Desktop/PiDev/Projet/Desktop/src/edu/mindspace/gui/AfficherMemebreAdmin.fxml</file>
            <file>file:/Users/mohamedbouslah/Desktop/PiDev/Projet/Desktop/src/edu/mindspace/gui/InscriptionMembre.fxml</file>
            <file>file:/Users/mohamedbouslah/Desktop/PiDev/Projet/Desktop/src/edu/mindspace/gui/AfficherCoachAdmin.fxml</file>
        </group>
    </open-files>
</project-private>
