<?xml version="1.0" encoding="UTF-8"?>
<project-private xmlns="http://www.netbeans.org/ns/project-private/1">
    <editor-bookmarks xmlns="http://www.netbeans.org/ns/editor-bookmarks/2" lastBookmarkId="0"/>
    <open-files xmlns="http://www.netbeans.org/ns/projectui-open-files/2">
        <group>
            <file>file:/C:/Users/DELL/Documents/NetBeansProjects/pi_cyrine/src/edu/projet/gui/StartMain.java</file>
            <file>file:/C:/Users/DELL/Documents/NetBeansProjects/pi_cyrine/src/edu/projet/gui/AfficherAct.fxml</file>
            <file>file:/C:/Users/DELL/Documents/NetBeansProjects/pi_cyrine/src/edu/projet/gui/ActMembreController.java</file>
            <file>file:/C:/Users/DELL/Documents/NetBeansProjects/pi_cyrine/src/edu/projet/gui/HomeController.java</file>
            <file>file:/C:/Users/DELL/Documents/NetBeansProjects/pi_cyrine/src/edu/projet/gui/AfficherCentresController.java</file>
            <file>file:/C:/Users/DELL/Documents/NetBeansProjects/pi_cyrine/src/edu/projet/services/CentreService.java</file>
            <file>file:/C:/Users/DELL/Documents/NetBeansProjects/pi_cyrine/src/edu/projet/entities/Activite.java</file>
            <file>file:/C:/Users/DELL/Documents/NetBeansProjects/pi_cyrine/src/edu/projet/gui/CentresMembre.fxml</file>
            <file>file:/C:/Users/DELL/Documents/NetBeansProjects/pi_cyrine/src/edu/projet/gui/StatActCategorieController.java</file>
            <file>file:/C:/Users/DELL/Documents/NetBeansProjects/pi_cyrine/src/edu/projet/gui/ModifierCentre.fxml</file>
            <file>file:/C:/Users/DELL/Documents/NetBeansProjects/pi_cyrine/src/edu/projet/gui/AjouterAct.fxml</file>
            <file>file:/C:/Users/DELL/Documents/NetBeansProjects/pi_cyrine/src/edu/projet/interfaces/ICentre.java</file>
            <file>file:/C:/Users/DELL/Documents/NetBeansProjects/pi_cyrine/src/edu/projet/gui/ModifierAct.fxml</file>
            <file>file:/C:/Users/DELL/Documents/NetBeansProjects/pi_cyrine/src/edu/projet/gui/ModifierActController.java</file>
            <file>file:/C:/Users/DELL/Documents/NetBeansProjects/pi_cyrine/src/edu/projet/gui/ActMembre.fxml</file>
            <file>file:/C:/Users/DELL/Documents/NetBeansProjects/pi_cyrine/src/edu/projet/test/MainClass.java</file>
            <file>file:/C:/Users/DELL/Documents/NetBeansProjects/pi_cyrine/src/edu/projet/gui/MailingCentreMembre.fxml</file>
            <file>file:/C:/Users/DELL/Documents/NetBeansProjects/pi_cyrine/src/edu/projet/tools/Document_ACT_PDF_Creation.java</file>
            <file>file:/C:/Users/DELL/Documents/NetBeansProjects/pi_cyrine/src/edu/projet/gui/AjouterCentre.fxml</file>
            <file>file:/C:/Users/DELL/Documents/NetBeansProjects/pi_cyrine/src/edu/projet/services/ActiviteService.java</file>
            <file>file:/C:/Users/DELL/Documents/NetBeansProjects/pi_cyrine/src/edu/projet/gui/AjouterCentreController.java</file>
            <file>file:/C:/Users/DELL/Documents/NetBeansProjects/pi_cyrine/src/edu/projet/gui/AjouterActController.java</file>
            <file>file:/C:/Users/DELL/Documents/NetBeansProjects/pi_cyrine/src/edu/projet/gui/Home.fxml</file>
            <file>file:/C:/Users/DELL/Documents/NetBeansProjects/pi_cyrine/src/edu/projet/gui/ModifierCentreController.java</file>
            <file>file:/C:/Users/DELL/Documents/NetBeansProjects/pi_cyrine/src/edu/projet/gui/MailingCentreMembreController.java</file>
            <file>file:/C:/Users/DELL/Documents/NetBeansProjects/pi_cyrine/src/edu/projet/gui/AfficherCentres.fxml</file>
            <file>file:/C:/Users/DELL/Documents/NetBeansProjects/pi_cyrine/src/edu/projet/entities/Centre.java</file>
            <file>file:/C:/Users/DELL/Documents/NetBeansProjects/pi_cyrine/src/edu/projet/tools/MyConnection.java</file>
            <file>file:/C:/Users/DELL/Documents/NetBeansProjects/pi_cyrine/src/edu/projet/gui/AfficherActController.java</file>
            <file>file:/C:/Users/DELL/Documents/NetBeansProjects/pi_cyrine/src/edu/projet/gui/StatActCategorie.fxml</file>
            <file>file:/C:/Users/DELL/Documents/NetBeansProjects/pi_cyrine/src/edu/projet/gui/CentresMembreController.java</file>
            <file>file:/C:/Users/DELL/Documents/NetBeansProjects/pi_cyrine/src/edu/projet/interfaces/IActivite.java</file>
        </group>
    </open-files>
</project-private>
