<?xml version="1.0" encoding="UTF-8"?>
<project-private xmlns="http://www.netbeans.org/ns/project-private/1">
    <editor-bookmarks xmlns="http://www.netbeans.org/ns/editor-bookmarks/2" lastBookmarkId="0"/>
    <open-files xmlns="http://www.netbeans.org/ns/projectui-open-files/2">
        <group>
            <file>file:/Users/mohamedbouslah/Desktop/PiDev/DesktopFx/src/edu/maindspace/gui/AfficherCoachAdminController.java</file>
            <file>file:/Users/mohamedbouslah/Desktop/PiDev/DesktopFx/src/edu/maindspace/gui/Login.fxml</file>
            <file>file:/Users/mohamedbouslah/Desktop/PiDev/DesktopFx/src/edu/maindspace/entities/Admin.java</file>
            <file>file:/Users/mohamedbouslah/Desktop/PiDev/DesktopFx/src/edu/maindspace/services/CoachServices.java</file>
            <file>file:/Users/mohamedbouslah/Desktop/PiDev/DesktopFx/src/edu/maindspace/gui/AjouterCoachAdminController.java</file>
            <file>file:/Users/mohamedbouslah/Desktop/PiDev/DesktopFx/src/edu/maindspace/gui/InscriptionMembre.fxml</file>
            <file>file:/Users/mohamedbouslah/Desktop/PiDev/DesktopFx/src/edu/maindspace/gui/AfficherMemebreAdmin.fxml</file>
            <file>file:/Users/mohamedbouslah/Desktop/PiDev/DesktopFx/src/edu/maindspace/tools/MyConnection.java</file>
            <file>file:/Users/mohamedbouslah/Desktop/PiDev/DesktopFx/src/edu/maindspace/entities/User.java</file>
            <file>file:/Users/mohamedbouslah/Desktop/PiDev/DesktopFx/src/edu/maindspace/entities/Membre.java</file>
            <file>file:/Users/mohamedbouslah/Desktop/PiDev/DesktopFx/src/edu/maindspace/entities/Coach.java</file>
            <file>file:/Users/mohamedbouslah/Desktop/PiDev/DesktopFx/src/edu/maindspace/services/MembreServices.java</file>
            <file>file:/Users/mohamedbouslah/Desktop/PiDev/DesktopFx/nbproject/build-impl.xml</file>
            <file>file:/Users/mohamedbouslah/Desktop/PiDev/DesktopFx/src/edu/maindspace/gui/LoginController.java</file>
            <file>file:/Users/mohamedbouslah/Desktop/PiDev/DesktopFx/src/edu/maindspace/gui/AjouterCoachAdmin.fxml</file>
            <file>file:/Users/mohamedbouslah/Desktop/PiDev/DesktopFx/src/edu/maindspace/gui/MainClass.java</file>
            <file>file:/Users/mohamedbouslah/Desktop/PiDev/DesktopFx/src/edu/maindspace/interfaces/IUser.java</file>
            <file>file:/Users/mohamedbouslah/Desktop/PiDev/DesktopFx/src/edu/maindspace/gui/InscriptionMembreController.java</file>
            <file>file:/Users/mohamedbouslah/Desktop/PiDev/DesktopFx/src/edu/maindspace/services/AdminServices.java</file>
            <file>file:/Users/mohamedbouslah/Desktop/PiDev/DesktopFx/src/edu/maindspace/gui/AfficherMemebreAdminController.java</file>
            <file>file:/Users/mohamedbouslah/Desktop/PiDev/DesktopFx/src/edu/maindspace/gui/AfficherCoachAdmin.fxml</file>
        </group>
    </open-files>
</project-private>
