<?xml version="1.0" encoding="UTF-8"?>
<project-private xmlns="http://www.netbeans.org/ns/project-private/1">
    <editor-bookmarks xmlns="http://www.netbeans.org/ns/editor-bookmarks/2" lastBookmarkId="0"/>
    <open-files xmlns="http://www.netbeans.org/ns/projectui-open-files/2">
        <group>
            <file>file:/Users/mohamedbouslah/Desktop/PiDev/DesktopFx/src/edu/maindspace/gui/AfficherCoachAdminController.java</file>
            <file>file:/Users/mohamedbouslah/Desktop/PiDev/DesktopFx/src/edu/maindspace/services/CoachServices.java</file>
            <file>file:/Users/mohamedbouslah/Desktop/PiDev/DesktopFx/src/edu/maindspace/gui/AjouterCoachAdminController.java</file>
            <file>file:/Users/mohamedbouslah/Desktop/PiDev/DesktopFx/src/edu/maindspace/entities/Admin.java</file>
            <file>file:/Users/mohamedbouslah/Desktop/PiDev/DesktopFx/src/edu/maindspace/gui/MenuBackendController.java</file>
            <file>file:/Users/mohamedbouslah/Desktop/PiDev/DesktopFx/src/edu/maindspace/tools/MyConnection.java</file>
            <file>file:/Users/mohamedbouslah/Desktop/PiDev/DesktopFx/src/edu/maindspace/entities/User.java</file>
            <file>file:/Users/mohamedbouslah/Desktop/PiDev/DesktopFx/src/edu/maindspace/entities/Membre.java</file>
            <file>file:/Users/mohamedbouslah/Desktop/PiDev/DesktopFx/src/edu/maindspace/entities/ControleSaisie.java</file>
            <file>file:/Users/mohamedbouslah/Desktop/PiDev/DesktopFx/src/edu/maindspace/gui/RecuperePwdMembreController.java</file>
            <file>file:/Users/mohamedbouslah/Desktop/PiDev/DesktopFx/src/edu/maindspace/tools/Document_Creation_Coach.java</file>
            <file>file:/Users/mohamedbouslah/Desktop/PiDev/DesktopFx/src/edu/maindspace/services/MembreServices.java</file>
            <file>file:/Users/mohamedbouslah/Desktop/PiDev/DesktopFx/src/edu/maindspace/gui/LoginController.java</file>
            <file>file:/Users/mohamedbouslah/Desktop/PiDev/DesktopFx/src/edu/maindspace/gui/StatMembreController.java</file>
            <file>file:/Users/mohamedbouslah/Desktop/PiDev/DesktopFx/src/edu/maindspace/interfaces/IUser.java</file>
            <file>file:/Users/mohamedbouslah/Desktop/PiDev/DesktopFx/src/edu/maindspace/gui/EditeProfile.fxml</file>
            <file>file:/Users/mohamedbouslah/Desktop/PiDev/DesktopFx/src/edu/maindspace/tools/SmsSender.java</file>
            <file>file:/Users/mohamedbouslah/Desktop/PiDev/DesktopFx/src/edu/maindspace/gui/InscriptionMembreController.java</file>
            <file>file:/Users/mohamedbouslah/Desktop/PiDev/DesktopFx/src/edu/maindspace/gui/AfficherMemebreAdminController.java</file>
            <file>file:/Users/mohamedbouslah/Desktop/PiDev/DesktopFx/src/edu/maindspace/gui/RecuperePwdMembre.fxml</file>
            <file>file:/Users/mohamedbouslah/Desktop/PiDev/DesktopFx/src/edu/maindspace/gui/EditeProfileController.java</file>
            <file>file:/Users/mohamedbouslah/Desktop/PiDev/DesktopFx/src/edu/maindspace/tools/UserSession.java</file>
        </group>
    </open-files>
</project-private>
